/apply /pages/apply.html 301
/apply.html /pages/apply.html 301
/meetup /pages/meetup.html 301
/curriculum.html /pages/programs.html 301
/graduates.html /pages/graduates-summer-2017.html 301
/schedule.html /pages/programs.html 301
/student-assessment.html /pages/assessment.html 301
/test.html /pages/assessment.html 301
/teamcode.html /pages/teamcode.html 301
/volunteer.html /volunteer-opportunities 301
/swapkown on GYRT.html /pages/swapkown_on_gyrt.html 301
/swapkown%20on%20GYRT.html /pages/swapkown_on_gyrt.html 301
/swapkown on gyrt.html /pages/swapkown_on_gyrt.html 301
/swapkown%20on%20gyrt.html /pages/swapkown_on_gyrt.html 301

/*    /index.html   200
